<?xml version="1.0" encoding="utf-8"?>
<!DOCTYPE hibernate-mapping PUBLIC "-//Hibernate/Hibernate Mapping DTD 3.0//EN" 
"http://hibernate.sourceforge.net/hibernate-mapping-3.0.dtd">
<hibernate-mapping>
	<class name="com.entity.Cate" table="cate">
		<id name="cateid" type="java.lang.String">
			<column name="cateid" length="255" />
			<generator class="uuid.hex"></generator>
		</id>
		<property name="catename" type="java.lang.String">
			<column name="catename" />
		</property>
	</class>
</hibernate-mapping>