<?xml version="1.0" encoding="utf-8"?>
<!DOCTYPE hibernate-mapping PUBLIC "-//Hibernate/Hibernate Mapping DTD 3.0//EN" 
"http://hibernate.sourceforge.net/hibernate-mapping-3.0.dtd">
<hibernate-mapping>
	<class name="com.entity.Goods" table="goods">
		<id name="goodsid" type="java.lang.String">
			<column name="goodsid" length="255" />
			<generator class="uuid.hex"></generator>
		</id>
		<property name="goodsname" type="java.lang.String">
			<column name="goodsname" />
		</property>
		<property name="sellerid" type="java.lang.String">
			<column name="sellerid" />
		</property>
		<property name="cateid" type="java.lang.String">
			<column name="cateid" />
		</property>
		<property name="image" type="java.lang.String">
			<column name="image" />
		</property>
		<property name="oldprice" type="java.lang.String">
			<column name="oldprice" />
		</property>
		<property name="price" type="java.lang.String">
			<column name="price" />
		</property>
		<property name="addtime" type="java.lang.String">
			<column name="addtime" />
		</property>
		<property name="hits" type="java.lang.String">
			<column name="hits" />
		</property>
		<property name="sellnum" type="java.lang.String">
			<column name="sellnum" />
		</property>
		<property name="contents" type="java.lang.String">
			<column name="contents" />
		</property>
		<many-to-one name="seller" column="sellerid" class="com.entity.Seller"
			fetch="join" insert="false" update="false" lazy="false" />
		<many-to-one name="cate" column="cateid" class="com.entity.Cate"
			fetch="join" insert="false" update="false" lazy="false" />
	</class>
</hibernate-mapping>