<?xml version="1.0" encoding="utf-8"?>
<!DOCTYPE hibernate-mapping PUBLIC "-//Hibernate/Hibernate Mapping DTD 3.0//EN" 
"http://hibernate.sourceforge.net/hibernate-mapping-3.0.dtd">
<hibernate-mapping>
	<class name="com.entity.Orders" table="orders">
		<id name="ordersid" type="java.lang.String">
			<column name="ordersid" length="255" />
			<generator class="uuid.hex"></generator>
		</id>
		<property name="ordercode" type="java.lang.String">
			<column name="ordercode" />
		</property>
		<property name="usersid" type="java.lang.String">
			<column name="usersid" />
		</property>
		<property name="goodsid" type="java.lang.String">
			<column name="goodsid" />
		</property>
		<property name="price" type="java.lang.String">
			<column name="price" />
		</property>
		<property name="num" type="java.lang.String">
			<column name="num" />
		</property>
		<property name="addtime" type="java.lang.String">
			<column name="addtime" />
		</property>
		<property name="status" type="java.lang.String">
			<column name="status" />
		</property>
		<property name="receiver" type="java.lang.String">
			<column name="receiver" />
		</property>
		<property name="address" type="java.lang.String">
			<column name="address" />
		</property>
		<property name="contact" type="java.lang.String">
			<column name="contact" />
		</property>
		<many-to-one name="users" column="usersid" class="com.entity.Users"
			fetch="join" insert="false" update="false" lazy="false" />
		<many-to-one name="goods" column="goodsid" class="com.entity.Goods"
			fetch="join" insert="false" update="false" lazy="false" />
	</class>
</hibernate-mapping>