<?xml version="1.0" encoding="UTF-8" ?>
<!DOCTYPE struts PUBLIC 
"-//Apache Software Foundation//DTD Struts Configuration 2.1//EN" 
"http://struts.apache.org/dtds/struts-2.1.dtd">
<struts>
	<package name="article" namespace="/article" extends="default">
		<!-- 准备添加 跳转到add页面 -->
		<action name="createArticle" class="articleAction" method="createArticle">
			<interceptor-ref name="adminStack"></interceptor-ref>
			<result name="success">/admin/addarticle.jsp</result>
		</action>

		<!-- 添加记录 跳转回create方法 -->
		<action name="addArticle" class="articleAction" method="addArticle">
			<interceptor-ref name="adminStack"></interceptor-ref>
			<result name="success" type="chain">createArticle</result>
		</action>

		<!-- 修改记录 跳转回getALL方法 -->
		<action name="updateArticle" class="articleAction" method="updateArticle">
			<interceptor-ref name="adminStack"></interceptor-ref>
			<result name="success" type="chain">getAllArticle</result>
		</action>

		<!-- 批量删除记录 跳转回getALL方法 -->
		<action name="deleteArticleByIds" class="articleAction" method="deleteArticleByIds">
			<interceptor-ref name="adminStack"></interceptor-ref>
			<result name="success" type="chain">getAllArticle</result>
			<result name="fail" type="chain">getAllArticle</result>
		</action>

		<!-- 删除记录 跳转回getALL方法 -->
		<action name="deleteArticle" class="articleAction" method="deleteArticle">
			<interceptor-ref name="adminStack"></interceptor-ref>
			<result name="success" type="chain">getAllArticle</result>
			<result name="fail" type="chain">getAllArticle</result>
		</action>

		<!-- 查询全部记录 跳转到list页面 -->
		<action name="getAllArticle" class="articleAction" method="getAllArticle">
			<interceptor-ref name="adminStack"></interceptor-ref>
			<result name="success">/admin/listarticle.jsp</result>
		</action>

		<!-- 按主键查询 跳转到edit页面 为修改做准备 -->
		<action name="getArticleById" class="articleAction" method="getArticleById">
			<interceptor-ref name="adminStack"></interceptor-ref>
			<result name="success">/admin/editarticle.jsp</result>
		</action>

		<!-- 按条件查询 跳转到query页面 -->
		<action name="queryArticleByCond" class="articleAction" method="queryArticleByCond">
			<interceptor-ref name="adminStack"></interceptor-ref>
			<result name="success">/admin/queryarticle.jsp</result>
		</action>
	</package>

</struts>