<?xml version="1.0" encoding="UTF-8" ?>
<!DOCTYPE struts PUBLIC 
"-//Apache Software Foundation//DTD Struts Configuration 2.1//EN" 
"http://struts.apache.org/dtds/struts-2.1.dtd">
<struts>
	<package name="cart" namespace="/cart" extends="default">
		<!-- 准备添加 跳转到add页面 -->
		<action name="createCart" class="cartAction" method="createCart">
			<interceptor-ref name="adminStack"></interceptor-ref>
			<result name="success">/admin/addcart.jsp</result>
		</action>

		<!-- 添加记录 跳转回create方法 -->
		<action name="addCart" class="cartAction" method="addCart">
			<interceptor-ref name="adminStack"></interceptor-ref>
			<result name="success" type="chain">createCart</result>
		</action>

		<!-- 修改记录 跳转回getALL方法 -->
		<action name="updateCart" class="cartAction" method="updateCart">
			<interceptor-ref name="adminStack"></interceptor-ref>
			<result name="success" type="chain">getAllCart</result>
		</action>

		<!-- 批量删除记录 跳转回getALL方法 -->
		<action name="deleteCartByIds" class="cartAction" method="deleteCartByIds">
			<interceptor-ref name="adminStack"></interceptor-ref>
			<result name="success" type="chain">getAllCart</result>
			<result name="fail" type="chain">getAllCart</result>
		</action>

		<!-- 删除记录 跳转回getALL方法 -->
		<action name="deleteCart" class="cartAction" method="deleteCart">
			<interceptor-ref name="adminStack"></interceptor-ref>
			<result name="success" type="chain">getAllCart</result>
			<result name="fail" type="chain">getAllCart</result>
		</action>

		<!-- 查询全部记录 跳转到list页面 -->
		<action name="getAllCart" class="cartAction" method="getAllCart">
			<interceptor-ref name="adminStack"></interceptor-ref>
			<result name="success">/admin/listcart.jsp</result>
		</action>

		<!-- 按主键查询 跳转到edit页面 为修改做准备 -->
		<action name="getCartById" class="cartAction" method="getCartById">
			<interceptor-ref name="adminStack"></interceptor-ref>
			<result name="success">/admin/editcart.jsp</result>
		</action>

		<!-- 按条件查询 跳转到query页面 -->
		<action name="queryCartByCond" class="cartAction" method="queryCartByCond">
			<interceptor-ref name="adminStack"></interceptor-ref>
			<result name="success">/admin/querycart.jsp</result>
		</action>
	</package>

</struts>