<?xml version="1.0" encoding="UTF-8" ?><!DOCTYPE struts PUBLIC "-//Apache Software Foundation//DTD Struts Configuration 2.1//EN" "http://struts.apache.org/dtds/struts-2.1.dtd">
<struts>
	<package name="img" namespace="/img" extends="default">
		<!-- 生成验证码 -->
		<action name="createImageAction" class="com.action.CreateImageAction">
			<interceptor-ref name="defaultStack" />
			<result name="success" type="stream">
				<param name="contentType">image/jpeg</param>
				<param name="inputName">inputStream</param>
			</result>
		</action>
	</package>
</struts> 