<?xml version="1.0" encoding="UTF-8" ?>
<!DOCTYPE struts PUBLIC 
"-//Apache Software Foundation//DTD Struts Configuration 2.1//EN" 
"http://struts.apache.org/dtds/struts-2.1.dtd">
<struts>
	<package name="upload" namespace="/upload" extends="default">
		<action name="image" class="uploadAction" method="image">
			<result name="success">/saveimage.jsp</result>
		</action>
		<action name="files" class="uploadAction" method="files">
			<result name="success">/savefile.jsp</result>
		</action>
		
	</package>
</struts>