<?xml version="1.0" encoding="UTF-8" ?>
<!DOCTYPE struts PUBLIC 
"-//Apache Software Foundation//DTD Struts Configuration 2.1//EN" 
"http://struts.apache.org/dtds/struts-2.1.dtd">
<struts>
	<package name="users" namespace="/users" extends="default">
		<!-- 准备添加 跳转到add页面 -->
		<action name="createUsers" class="usersAction" method="createUsers">
			<interceptor-ref name="adminStack"></interceptor-ref>
			<result name="success">/admin/addusers.jsp</result>
		</action>

		<!-- 添加记录 跳转回create方法 -->
		<action name="addUsers" class="usersAction" method="addUsers">
			<interceptor-ref name="adminStack"></interceptor-ref>
			<result name="success" type="chain">createUsers</result>
		</action>

		<!-- 修改记录 跳转回getALL方法 -->
		<action name="updateUsers" class="usersAction" method="updateUsers">
			<interceptor-ref name="adminStack"></interceptor-ref>
			<result name="success" type="chain">getAllUsers</result>
		</action>

		<!-- 批量删除记录 跳转回getALL方法 -->
		<action name="deleteUsersByIds" class="usersAction" method="deleteUsersByIds">
			<interceptor-ref name="adminStack"></interceptor-ref>
			<result name="success" type="chain">getAllUsers</result>
			<result name="fail" type="chain">getAllUsers</result>
		</action>

		<!-- 删除记录 跳转回getALL方法 -->
		<action name="deleteUsers" class="usersAction" method="deleteUsers">
			<interceptor-ref name="adminStack"></interceptor-ref>
			<result name="success" type="chain">getAllUsers</result>
			<result name="fail" type="chain">getAllUsers</result>
		</action>

		<!-- 查询全部记录 跳转到list页面 -->
		<action name="getAllUsers" class="usersAction" method="getAllUsers">
			<interceptor-ref name="adminStack"></interceptor-ref>
			<result name="success">/admin/listusers.jsp</result>
		</action>

		<!-- 按主键查询 跳转到edit页面 为修改做准备 -->
		<action name="getUsersById" class="usersAction" method="getUsersById">
			<interceptor-ref name="adminStack"></interceptor-ref>
			<result name="success">/admin/editusers.jsp</result>
		</action>

		<!-- 按条件查询 跳转到query页面 -->
		<action name="queryUsersByCond" class="usersAction" method="queryUsersByCond">
			<interceptor-ref name="adminStack"></interceptor-ref>
			<result name="success">/admin/queryusers.jsp</result>
		</action>
	</package>

</struts>